,text_cleaned,label
0,nangkep bjorka ngakak guling kalo maling ayam saya percayaitu juga butuh waktu berbulan bulan tanpa bantuan siva,negatif
1,mas nya ini masa juga g bisa mendeteksi bjorkabantu lah polisimereka kan qt tau bekerja,negatif
2,kek udah tenang gtu kan gak viral si bjorka ehh tbtb ada berita yg katanya ketangkep asli lagi asik tdur bngun ngakakkkk sambil ngetawain pulisic konoha aja,negatif
3,kalo ngobrol shootnya dua2nya akan lebih dinikmati,netral
4,passwd admin1234,netral
5,yg diundang si paling hacker kyk gak ada bintang tamu lain,negatif
6,volume ny kurng gde om,netral
7,bjorka update status polisi langsung malu,negatif
8,boro2 nangkep hacker bjorka rakyat minta bantuan aja suruh urus sendiri klo mau bayar baru dproses memalukan,negatif
9,mungkin bisa jadi analogi yg sama antara influencer dan jurnalis hacker etis non,netral
10,polisi indonesia banyak yang bodoh salah tangkap orang,negatif
11,daging semua makasih edukasi nya om,positif
12,nangkip si plonga plongo kayak fufufafa aja kagak becus ewkkwkwkkw,negatif
13,wow cyber indonesia di sepelei sama ini orang,negatif
14,kerja polisi kita apa sih serius gw nanya,negatif
15,alangkah pintarnya anakanak indonesia tapiyang jadi wakil presiden oon di dukung lagi dengan yang punya cenel ini tegana jerumuskan negara,negatif
16,kang palak di parkiran aja ga ke tangkepdah jelas tuapa lagi yg ginian,negatif
17,our duke is exist or non either ghost alive no one can defeat,netral
18,sudomaster watch this podcast another meme of whistleblower regard duke self claimer,netral
19,908 gw pernah kena 8 jt anjr,negatif
20,gua berharap bjorka buat twit tentang kejadian ini klo dia punya waktu,netral
21,plot twist bintang tamu bjorka,netral
22,kata gen z cybereskrim afk,netral
23,waduh akun ml gua namanya bjorka lagi di tangkap ga yah kira,netral
24,data polisi dibuka harusnya yg beli oposisi bisa jadi senjata politik itu,netral
25,proyek baik jabatan polisi itu nangkep orang walaupun kadang maksa wkwk,negatif
26,si kadal di kadalin hahaha datanya langsung buka buat pak pol perbaiki hal kecil dulu sebelum besar contoh nih kaya atur lalin jam kerja 5 pagi udh standby dh titik2 kemacetan jangan foto doang atau baru tiba saat udah bukan sibuk macetnya selesai coba deh terima kritik dan saran saya nanti pasti akan terlihat perubahannya bisa nangkep yg gede2,netral
27,itu mah polisi nangkep biar naik jabatan aja,negatif
28,kalimantan alumni sekolah sy ngajar wkwk,netral
29,kalo mau belajar kaya gini dmana ya wadahnyaplis yang serius gw pengen tau,netral
30,harusnya yang diselidiki bapa rojak ayu ting,negatif
31,bukan skimeng tapi carding,netral
32,menurut pribadi keknya bjorka ini bkn sndirian tp kek ada tim g si hhe,netral
33,polri vs hacker nih judulnya rame sedng diperbincangkan asli nya sedang menonton podcast ini smbil ngopi dan ketawa terbahak bahak,netral
34,ah nebaknebak aja ini gaakan ada yg tau bjorka siapa tapi banyak ngaku2 jadi,negatif
35,narasumber hatiÂ² bnget bicara nya bnyk pertanyaan menjebak,netral
36,biorka baru keluar hack lagi,netral
37,indonesia bukan kekurangan orang pinter tapi jujur kalau pasti sekarang menjadi negara maju,netral
38,,netral
39,oknumnya kurang pintar,negatif
40,yg jelas tim polisi cybernya belum mampu mengungkap siapa bjorka sampai skrg dn akhirnya di tangkap pun entah lucu negara konoha ini,negatif
41,pemerintah kami berhasil menangkap bjorka udah yappingnya,negatif
42,polisi konohahah hah,negatif
43,tolong hitung dia ngomong simple berapa kali,netral
44,banda judol aja yg sgtu gampang y gak bisa nangkep apa lagi skelas bjorka,negatif
45,patroli cyber di indonesia tuh bentuknya seperti apa si bang ada yang tau secanggih pemerintah kita,netral
46,makluk anak sma,negatif
47,polisi india,negatif
48,ada g sihhh haker jd robin hood,netral
49,roy suryo kudu turun gunung sih ini,negatif
50,mau jd pahlawn ehh slah tangkap tangkep koruptor ja susah mo twngkp hacker sekelas bjorka kwkwkwk,negatif
51,2224,netral
52,emang ada hacker yg pengen nangkep koruptor apa untungnya buat itu dianggap pahlawan jangan cetek pemikiran wahai netizen,negatif
53,halah klo ada kegiatan aja cuma foto2 sok nangkap hacker,negatif
54,bener lagi,netral
55,ladusing negeri konoha,negatif
56,hahaha salah tangkap mulu emng ga malu pak gmna ini kinerja kerja y,negatif
57,wapres kita juga jago tentang ai,netral
58,woy botak pelit,negatif
59,mutarmutar ke lain pembahasannya balik lagi bjorka,netral
60,obrolan isi daging ini sih,positif
61,heheheh institusi ini seperti grub lawak ya,negatif
62,om ded mode intel gali trosss omm,positif
63,bukan orng indo dia russia itu,netral
64,keren om ded bisa ngundang si bjorka asli ke podcast,positif
65,kalau ga gblk mgkn jadi polisi,negatif
66,halahh dari dlu nyari data yang di bocorkan bjorka apa ajah ga ketemu impact terhadap masyarakat itu efek kebocoran nya nantinya gimana dibahas judul terus isi draf ke sebar curiga bagian orang dalam hanya pengalihan isu,negatif
67,sicoklat jadi bahan bullyan seindo,negatif
68,jadi keinget pernah pakai wa mod biar tau chat temen2 yg di hapus,netral
69,gua tu heran ya pejabat aparat kan tadinya rakyat juga pemikirannya sama kek kita knp giliran berubah status kok jadi makhluk lain dari antah berantah bisa seberantakan gini dan sebangsat gitu,negatif
70,lu percaya anak lulusan sma bisa nangkep hacker kelas kakap ngimpi,negatif
71,chatting jalan senyap lewat marketplace wkwkwk,netral
72,bjorka mimpi maling motor aja 6 th baru ketemu,negatif
73,plot twist nya bjorka aslinya adalah teguh aprianto yang diajak deddy corbuzier podcast sekarangv,netral
74,lucu ya polisi indonesia,negatif
75,buru fufufafa dulu deh,negatif
76,dari awal juga udh nyangkaitu tuh bukan diapaling cuma repost kontennya si bjorka asli,netral
77,tajam sekali kataÂ² teguh tidak ada prestasi mungkin butuh,negatif
78,kalo di konoha sebelum dan sesudahnya hack wkwkwk hebatnya negeri,negatif
79,klo bener pasti tu coklat dibantu berhubung gak jadi orang baikpun ragu buat bantu,netral
80,1 thun yang lalu tukang jual es ditangkap kalo gak salah,negatif
81,wah baru kemarin itu saya hampir kena penipuan di telegram,netral
82,ngebongkar pemilik akun fufufafa aja ga bisa trs lu percaya bs nangkep bjorka,negatif
83,dikira masyarakat masih gaptek cik,negatif
84,mau masuk polisi aja harus jual tanah bukan prestasi jadi maklum kalok dungu semua isinya pandai nya mengakali dan ikutan mafia dalam negri sendiri,negatif
85,bjorka kebangetan ngeliatin masyarakat isi otak satu istansi,negatif
86,emang it di pemerintah ada yg kompeten kah,negatif
87,tai bodo amat,negatif
88,asal tangkap ajah,negatif
89,dari sini gua baru sadar anak indonesia banyak yg pintar tapi tidak di hargai menyedihkannya negaraku,negatif
90,bjorka ngakak liatnya,negatif
91,bjorka lagi nonton podcast inidan saya minta untuk dmna pun dia siapa diasaya buka data2 pejabat2 korupsi di indonesiasiapa dan lembaga apateimksh,netral
92,hihihihihihi,netral
93,jadi inget film who am i no system is safe sampe endingnya bisa ngehack otak penyidik europol nya,netral
94,orang indonesia tuh pinter tapi karena kurang dilirik dan yg dapet kedudukan ordal jadi akhirnya mereka bawa kepinteran ke jalan salah,negatif
95,gue pernah di tipu telegram eh malah kebaliknijadi ceritanya gini pas screenshot akun instagram yang sudah follow folow terus kirim uang 25 pertama sampai selanjutnya lagi udah gede suruh blokir orangnya dan syukur dapet 50 ribu lucu kan,netral
96,lah polisi tangkap pelaku yang udah tau muka dari cctv aja susah,negatif
97,habis nonton di kamar jeri ttg bjorka dapat jwbn,netral
98,podacast dedi cobuzer selalu memberkan hal terupdate sukses ğ‰ğ€ğ‹ğ€ğŠğŸ’ğƒ,positif
99,bjorka kocak gimang,netral
100,dengerin di 1358,netral
101,sejago apapun elu kalo bukan sodara lu yg di instansilu apa2 indonesia ini kehebatan diperlukanmemperkaya soadara itu paling wajib,negatif
102,betuldia bukan ahli makanya alasan polisi dia anak it otodidak biar klu bego jd wajar dan org yg percayapolisi aja lagi sandiwara,negatif
103,semakin keliatan kan kualitas ladusing seperti apa,negatif
104,bukan lo kan bro bjorka nya,netral
105,yang asli nonggol lahtunjukan kalau,netral
106,polisi kita cuman bisa nangkap maling sendal,negatif
107,bukan dikadalin tetapi emang kadal,negatif
108,,netral
109,nhiburan ngak menhibur jangan percaya,negatif
110,chat di mobile legend lebih seru dan aman,netral
111,gimana kalo pake meet,netral
112,polisi tidur ajah ngribetin apalagi bangun,negatif
113,polisi itu gimana sih kok bisa nyebut bjorka,netral
114,2226 ini persis kaya di film the accountant sama 2 ternyata si pemeran utama punya hacker dari jarak jauh dan semua nya anak berkebutuhan khusus,netral
115,polisi jangankan kemampuan hacking investigasi pengetahuan tentang knalpot standar bawaan moge aja gak mampu,negatif
116,siapa disini yang suka make apk mood seperti waigtiktokteledll,netral
117,klo mau ikut kursus ethical hacker daftarnya dimana ya,netral
118,bjorka komen dong,netral
119,rendah serendah nya instansi yang menyebut itu bjorka,negatif
120,yanh di tangkep bjirka,netral
121,jangan berharap dengan anak sma untuk menangkap hacker beda class,negatif
122,jika polri belum paham memecahkan arti 001 jangan pernah mimpi ketemu bjorka,negatif
123,gimana kalo kemungkinan bjorka ini aktor maksudnya ya dia sebagai identitas ajadan apa yang dapet selama dari sebuah jaringan atau kelompok tertentu istilahnya semacam platform lah gitu,netral
124,heee,netral
125,akwowkw anak punk di tuduh,negatif
126,seru juga jd hacker yaa,netral
127,1750 polisinya sakit hati sih denger ini,negatif
128,masih percaya sama ladusing,negatif
129,ada anak indonesia yang berhasil menang dalam lomba membobol security nasa ini perlombaan resmi dari tapi gak dapet spotlight halayak ramai,netral
130,polisi yg membuat statement sdh menangkap bjorka harusnya dihukum dan dipecat krn pembohongan thdp publik agar tidak terulang lagi klo jabatan humas polri cuma membacakan hasil laporan untuk apa diberi pangkat gaji tinggi tanpa resiko tentara di medan perang dg tendah tapi resikonya taruhan nyawa harus sepadanlah antara,negatif
131,kok ngk undang pakar telematika sang pengungkap video dan gambar pnas,netral
132,setuju kemungkinan besar bjorka emang pemuda lokal kita yg samasama kesal dengan kelakuan pemerintah kek mewakili banget wkwkw,netral
133,butuh prestasi,netral
134,kalau menurut saya sih bjorka kelompok bukan individusendiri jadi misal sudah ada yg di tangkap iya mungkin dya salah satunya n mudah2an bisa ketangkep semua karena sangat membahayakan,netral
135,polisi indo itu 2ong,negatif
136,jadi inget alur cerita death note l vs kira,netral
137,gilak dar der dor fix om ded kepengen taunya pake banget ini walhasil banyak ilmu yg didapet thanks dan tim udah ngundang orang keren begini,positif
138,bjorkanya recall2,netral
139,prestasi polisi ada tidaksaya belum dengar yg membanggakan,negatif
140,nah kalau ada mas satu ini pasti postingannya isinya daging semua wkwk,positif
141,blee bat dah,negatif
142,apple bakal naik daun nih,netral
143,doi lagi gali informasi tuh,netral
144,yaelah monyet pun tau kinerja kepolisian indonesia,negatif
145,bobrok sistemnya penegak rakyatnya jijik banget ma negara satu ini pantes jadi bulan2an bangsa lain terus besarkayakuat ngakunya tapi dimana mana cuma ngirim babu ke andai aku punya nuklir 38 biji ku jatohin ditiap provinsi,negatif
146,bjorka jelas2 di kamboja dia kang shell th data2 yang dpt semua juga bs kita dapatkan andai ada tempat speak up ku beberkan cara hacker dptin dta2 tsb,netral
147,jika semua pejabat negara kerjanya amanah dan bener memiliki aturan norma serta struktur sosial yang baik mungkin sebagian besar hacker indonesia tidak akan memusuhi pemerintah bahkan bisa jadi teman cyber membantu keperluan dalam halhal berguna untuk warga,netral
148,sragam coklat emang selawak itu kalo mau cari mukabangun woyjangn ke enakan jdi polisi tidur mulu,negatif
149,ada pertanyaan tentang hacker apakah mereka bisa bobol jaringan blockchain yang terdesentralisasi ga di podcast ini,netral
150,banyak kasus pajak kendaraan mewah ditagih kerumah padahal rumahnya aja sederhana tapi namanya dipake buat,negatif
151,om ded kayaknya lagi gali nih,netral
152,bang bjorkaatolong bocorkan dataÂ² pencuri uang rakyat donk biar pd insaf,netral
153,smoga cepat sadar la tu org korup kalau data itu penting,netral
154,bang jgn bilang lu bjorka abang nya kliatan pinter soalnya,netral
155,ini abang narsum siapa ya,netral
156,hai indonesia saya bjorka dan masih sehat damai sejahtera disini sudah di transfer uang oleh ketua cyber security,netral
157,karena selama ini polisi ga ada prestasi wkwkwkwk gawat bisa2 dituntut pencemaran nama baik tapi tenang tidak berlaku untuk institusi bahkan perlu dihina pun instansi berseragam itu udah menghinakan diri mereka sendiri,negatif
158,mana mungkin ladusing dgn kecerdasan ratarata dibawah satpam bank bisa nangkep hacker sekelas bjorka,negatif
159,1753,netral
160,mana yang di tangkap udah viral banget lagi kampung,negatif
161,kita berharap byorka membocorkan aliran dana2 bumn,netral
162,5721 saya pake shopee,netral
163,polisi indonesia keren,positif
164,drama mulu ah pak polisi,negatif
165,lulusan sma suruh nangkep hacker wkwkwk,negatif
166,apa iyaa abg ini bjorka nya gak kan hhaha,netral
167,kenapa narasumber y nggak ditangkep polisi aja gebukin biar bonyok suruh kasih tau bjorka dimana kata dia,negatif
168,ternyata yang di tangkep bjirka,netral
169,bjorka nonton sambil senyum,netral
170,mana mungkin hacker bjorka bisa ditangkap kan iqnya lebih tinggi daripada polisi,negatif
171,mntp,positif
172,yakin saya akun bjorka banyak yg pegang,netral
173,al jancuk i wal nggatelibyo tertawa lepas dg itujangankan indigo sang halu menemukan byo orang sakti bahkan wali pokeh waljamaah pun tidak bisa susilohadimau byoyang setiap hari makanya ratusan juta perporsi komputer jaringan tak tersentuh seharga triliun per setbahkan ditemukan di indonesia dukun dan kalau gak nipu yaa cabul apalagi,negatif
174,yang pinter hack biasnya nilai teorinya kurang bagus sehingga mem peroleh pekerjaan sesuai di badangnya karena setandarnya dalam melamar kerja teori sebagai pertama penyaringan bener ga sih bertanya nada penasaran,netral
175,polisi bikin lelucon,negatif
176,1754 mungkin polisi gak ada prestasi tp butuh,netral
177,polela kerja caper cuma foto doang nyata nol main ani sni cepat dimanana dasar bangke manyalahgunakan hukum demi uang makanya perut nya buncit katak kendil,negatif
178,bang ajarin jadi hacker dong,netral
179,bang ajarin jadi hacker dong,netral
180,bang ajarin jadi hacker dong,netral
181,mamtab orang2 kyk gini yg harusnya masuk di dunia pemerintahan,positif
182,bjorka pahlawan,positif
183,dikadalin atau kadalin diri sendiri,netral
184,bang lo teralalu bocor sama om ded dy ngulik,netral
185,beban doang mana bisa kerja egeeee,negatif
186,wadidaww,netral
187,bjorka itu kalo pada belum tau adalah roy suryo kalian sadar kan,netral
188,polisi mau cari kepala bahaya di buat kambing hitam nutupin biar gk ketauan bisa kerja ny gaya nya cuma nampang pake kacamata selfi jalan bukan ngatur lalu lintas,negatif
189,pesulap botak buzzer tentara gak usah pansos cari muka kayak majikanmu,negatif
190,harus sekolah lagi tuh polisi,negatif
191,om takut bnget bermasalah dg polisi,netral
192,semenjak bjorka viral udah lebih dari 1kali polisi salah tangkep anah nya kok mereka kuat banget nahan malu,negatif
193,urusan ciber sdm di polri masih terbatas dan kendala peraturan yg ada banyak kasus2 itu mandek,netral
194,klu tau kenapa gk bergerak bongkar dog,netral
195,saking bodohnyabahkan perkataan dedy mengatakan misaldia itu adalah lu yaitu pancingan sebenarnyajebakan omongan ini seperti berusaha membedah siapa hacker dia sebenarnyatanpa sadari sudah masuk jebakan hackermempublikasikan dengan ranah yg kritisbisa jadi tanda awal kehancuran,negatif
196,polisiii,negatif
197,cuma kasihan yg ditangkap meskipun gak pantas dihukum tetapi bakal di rekayasa utk tetap,negatif
198,003335 banyak sih saya punya hobi di programing tapi malah bekerja sebagai social media advertiser,netral
199,kasus di sumut orang ditangkep sabunya dikantongin oknum pinter banget rekayasa nya emang real penjahat,negatif
200,judol noh tangkepin mah polisi pea,negatif
201,dia gak gimic lo beneran hapal lagunya gemesssss,positif
202,halaah sok tau,negatif
203,nangkap silfester aja kga mampu gimana hacker,negatif
204,emang polisi kita peeeakkk,negatif
205,ngobrol di game juga bisa om pb dulu buat server room nah berdua disiti by one sambil chttan,netral
206,kaya ga tau polusi prindavan aja lah rekam jejak suka ngasal asal tangkap biar di kata hebat nangkep bandar judol susah apa lagi hacker yg,negatif
207,bjorkaim still alive bitts,netral
208,malunya sampai 7 angkatan akademi,negatif
209,yu beli produk gudang garam biar kariawan nya selamat tanpa phk,netral
210,,netral
211,itu mah yg d tangkep bukan hacker tapi anak depo sejuta dapat saldo 5juta,negatif
212,malu dengernya ah tak simpan di hati ajaterlalu banyak aibku,negatif
213,mentok mentoknya polisi pake dukun,negatif
214,jangan gugurkan prestasi luar biasa polisi yang berhasil nangkap hacker wifi tetangga naik jabatan sudah di depan mata,negatif
215,gw suka ngemod apk sendiri itu juga termasuk hacker kah,netral
216,love you bjorka,positif
217,nangkap reseller gak bisa,negatif
218,hacker di pekerjakn pmerintah buat nangkepin para koruptor orang zolim dsb hack wa pjabat tambang,netral
219,fix si dedi takut sama org ini,netral
220,bener banget kalau yang masalah kebocoran data dari perusahaan swasta bisa dihukum tp kalo pemerintah ga ada hukuman apa2 padahal terbesar di pemerintahan ohhh konoha,negatif
221,polisi memang harus dibubarkan atau reformasi total dimulai dari sdm nya kasus mudah akun fufufafa saja gak kebongkar dan msh byk lainnya kalo mereka sudah bisa di audit diperiksa,negatif
222,sama kayak polisi nangkap ketua anarko,netral
223,gaya transisinyaâ„™â„ğ•†ğ”¹ğ”¼ğ•‹855banget bro,netral
224,udah tarik berkalikaliâ„™â„ğ•†ğ”¹ğ”¼ğ•‹855gak pernah mengecewakan,netral
225,kontennya bikin betahâ„™â„ğ•†ğ”¹ğ”¼ğ•‹855juga betah sampe pagi,netral
226,gak ada yang bisa ngalahin video kita kalau lapar itu makan haus minum tapi gacor diâ„™â„ğ•†ğ”¹ğ”¼ğ•‹855,netral
227,berkah rezeki hari ini berkatâ„™â„ğ•†ğ”¹ğ”¼ğ•‹855puji syukur,netral
228,yang udah nonton asii tuh beneran kata orang orangâ„™â„ğ•†ğ”¹ğ”¼ğ•‹855beneran memuaskan,netral
229,kreatif banget niat bikin kontennyaâ„™â„ğ•†ğ”¹ğ”¼ğ•‹855,netral
230,kreatif banget cara penyampaian kamu beda dari yang lain jadi betah nonton sampai akhirâ„™â„ğ•†ğ”¹ğ”¼ğ•‹855ditunggu karya selanjutnya,netral
231,setiap kalimat di video ini terasa tulus dan penuh maknaâ„™â„ğ•†ğ”¹ğ”¼ğ•‹855yang paling aku suka adalah bagaimana kamu bikin penonton merasa nyaman gak dihakimi sukses selalu buat channel,netral
232,gak nyangkaâ„™â„ğ•†ğ”¹ğ”¼ğ•‹855sekeren ini visualnya ciamik ceritanya penuh hikmah untungnya luar biasa,netral
233,0242 video ini bikin mood makan terusâ„™â„ğ•†ğ”¹ğ”¼ğ•‹855,netral
234,0030 wowâ„™â„ğ•†ğ”¹ğ”¼ğ•‹855beda banget ceritanya mengalir visualnya kece dan kemenangannya bikin hati melayang harus coba,netral
235,asik jugaâ„™â„ğ•†ğ”¹ğ”¼ğ•‹855,netral
236,422 sumpah estetik banget transisi halus warnawarnanya bikin ademâ„™â„ğ•†ğ”¹ğ”¼ğ•‹855dan musik latarnya cocok,netral
237,asik jugaâ„™â„ğ•†ğ”¹ğ”¼ğ•‹855,netral
238,judul video kemarin saya coba diâ„™â„ğ•†ğ”¹ğ”¼ğ•‹855memang juaranya brayy,netral
239,alhamdulillahâ„™â„ğ•†ğ”¹ğ”¼ğ•‹855bikin hiburan lebih meaningful ceritanya relatable hadiahnya wow,netral
240,â„™â„ğ•†ğ”¹ğ”¼ğ•‹855terima kasih buat pengalaman seru ceritanya bikin mikir visualnya keren dan hadiahnya top,netral
241,gak ada yang bisa ngalahin video kita kalau lapar itu makan haus minum tapi gacor diâ„™â„ğ•†ğ”¹ğ”¼ğ•‹855,netral
242,terima kasih udah bikin video sekeren iniâ„™â„ğ•†ğ”¹ğ”¼ğ•‹855aku merasa dapet banyak banget insight baru topik yang diangkat relevan sama kondisi sekarang dan penyampaiannya juga gak lebay jangan berhenti ya konten sebermakna ini,netral
243,kocak juga ya pak polklu gitu para pol bisa ikut stan up komedi,negatif
244,cerita menit 2900 gw berkesimpulan harus pilih2 siapa yang kita bantu,netral
245,denger tuh semua anak muda ini mau bergabung klo polisi di indonesia sudah pada bersih kerja nya,netral
246,bikin malu aja,negatif
247,om ded kpn ni bahas yg sangat ramai mengenai ijazah pslsu presiden ke 7dan anaknyayg sdh ada pembuktian oleh dr roy suryo cs terindeksi 999 paslu,netral
248,sepertinya bjorka ini akun nya di pegang banyak orang atau lebih dari satu,netral
249,kemapuan untuk blokir live tiktok aja cepet urusin keroco boirka di drama2in panjang2in,negatif
250,emg dasarnya pemerintah konoha tdk mau ada yg pintar skalinya malah di tangkap atau kambing hitamkan,negatif
251,bjorka nonton ini nih,netral
252,ilmu hacker gratis di manapengen belajar nih buat ikut jaman teknologi dan antisipasi jaga diri sendiri,netral
253,teknik pembalik kutukan merah,netral
254,polizi t0l0l,negatif
255,biasanya pembuat kejahatan pasti menyamar dlm berbagai wujud termasuk jd anak punk bisa jadi bjorka itu berubah pengecut polisi jangan terkecoh,netral
256,jago cuma nangkep spionsok bjorka mengtololl,negatif
257,masih percaya polisi,negatif
258,yg seangkatan imam mahdi mana nih wkwkwkw btw om gw pernah diangkut dijadikan peliharaan njir mereka carikan bahan eksehasil 80 buat orang pramuka 20 nya wkwkwkwkw syukur skrng uda hidup normal tapi masih sering di chat in suruh baliksuruh cari kepala sampai wkwkwkwkwkkw,netral
259,udah pangkas rambut anak kominitas hacker heckeran,netral
260,cyber polisi gampang aslinya klw nangkap bjorka asli dan bandar judol tp mereka semua bermain ya gak bakalan di tangkapyg tangkap pemain palsu,negatif
261,listyo sigit di bikin mlu ama byorka,negatif
262,gue seneng aja sama obrolan nya masalah polisi nangkep hacker mah gak peduli itu lagi dapet proyek an trus klien minta hasil tangkapan di share media,negatif
263,kenapa polisi gak ada fikiran orang kyak bjorka di rangkul saja buat ngamanin cyber negarasoal gaji bisa atur lah ribuan triliun korup,netral
264,rusak indonesia,negatif
265,bjorka bandung jakarta or karawang,netral
266,ouh cybermaps sereceh itu wkwkwk,negatif
267,udah gak heran ama kelakuan polisiapapun kasusnya yang penting ada orang buat di wawancaragak peduli pelaku asli,negatif
268,punya institusi malu2in banget ya alloh,negatif
269,jangankan lo yang hacker bang gue aja awam ga percaya kalo yg di tangkep itu bjorka,negatif
270,yang cari loker tambang follow me nanti lanjut caht pribadi,netral
271,loe blg bjorka yg ditangkep polisi itu anak punk jgn ngejek bgloe pikir polisiÂ² nangkep lawakÂ² apa hahaha tp stlh sy bnr diduga kwkwkw,netral
272,hampir bangga dengan polri saat kondisi tidak dipercaya masyarakat semoga real bisa nangkap hacker sungguhan,netral
273,gatau malu ya sedangkan bjorkanya aja masih bisa apdet medsos,negatif
274,jangan pernah takut lagi rakyat indonesia melawan pejabat2 korup harus ada institusi rahasia yg hanya presiden tau untuk membasmi para koruptor langsung di karungin aja sprti jaman soeharto,netral
275,0601 ngakak si,netral
276,judol urusin gak kelar ada aja alibi nya,negatif
277,,netral
278,emangnya bjorka nyata,netral
279,akhirnya mas teguh part 2,netral
280,klo bener seperti itu polisi ny kocak dong asal jeblak biar di kira kereeeen,negatif
281,tampa cepu polisi bisa apa,negatif
282,tiap tahun kita bayar pajak mahal hanya untuk gaji orang goblokkk jancokkkk,negatif
283,saya yakin bjorka itu bukan 1orang tapi kumpulan hacker tidak semudah aparat bisa menangkap mereka,netral
284,the latest generation of ransomware viruses can paralyze a countrys systemboss darling nyimak,netral
285,ambarawa juga kuat bang,netral
286,pejabat kita diangkat dari politisi2 bukan teknokrat mereka tidak peduli teknologi dulu pernah ada menristek bj habibi sekarang lagi,netral
287,wih keren topi putih nya hadir emg sih k0m1nf0 jahat dulu ada indo yg senior dan mau mengatasi kebocoran data org tp malah dicuekin,negatif
288,2023 juga salah tangkap 2025 2027kalau semua nama ganti bjorka bisa ditangkap semuanya,negatif
289,lu udah pada pinter2 bang knpa ga bikin mesin pencetak uang aja,netral
290,kemampuan polisi cybercrime sampe di mana si mimpi tangkap bjorkaeeeee ketangkap biawak,negatif
291,polisi mau menunjukkan bahwa mereka pintar tapi terbukti malah sebaliknya,negatif
292,buang angaran sihhhh,negatif
293,normalnya masyarakat dukung polisi tapi di konoha malah bjorka tau sendiri sekarang gimna,negatif
294,makan gaji buta kerjanya cuma cari kambing hitam buat pencitraan dan jabatan gembel berseragam,negatif
295,asli abis nyarinyari situs gacor susah banget ogut coba main di ğ“ğ”ğ˜ğ”ğ‹ğŸğŸ‘ğŸ– lasngsung kasih wd,netral
296,polisi itu kalo lu kehilangan kambing bgitu lapor malah hilang sapi neraka penuh dengan pol pp dishub pns gaji buta sama pejabat korup,negatif
297,yg jdi narasumber gue tau ini orangnya keren si orang,positif
298,ingatlah surah albaqarah ayat 1,netral
299,kalau di tempat ku polisi waktu pagi pas saya mau berangkat kerja sering lihat minta fto in sama tukang becak buat bukti dia padahal cuma berdiri terus pulang,negatif
300,uudujung ujungnya duit peraturan dibuat untuk di langgar,negatif
301,jangankan danantaradana di usa aja bisa dibobol mangkanya saya tanya itu narsum om ded pernah tangkep fbicia gak,netral
302,tak semudah itu roma,netral
303,om ded gak tau mod wa yt pink juga ada tanpa iklan twitter fb bahkan sampai bigo live bisa masuk room vip bayar pun,netral
304,plotwist nya bjorka adalah yg di podcastin,netral
305,sehat terus bang teguh,positif
306,papa bob,netral
307,bjorka nya yg depan deddy dlm podcast ini,netral
308,mempermalukan instusi polisi sendiri,negatif
309,udah ga ada harga dirinya tuh hama coklat,negatif
310,kelas program gratis yang saya ikuti itu channel yt dea afrizal platformnya cuy university benerbener belajar coding dari 0 10 tapi pribadi belum lulus hahahah fyi class ada lanjutan playlistnya masih on om ded kalo boleh panggil juga harapan kuliah beliau jalan lagi,netral
311,undang ke podhub,netral
312,udah citranya gabagus malah tangkao sembarangan mana di beritakan lagi,negatif
313,kalau soal rusak merusak cctv emang jagonya,negatif
314,karena gw ngefans sama bjorka otw ganti nama sosmed pake sendiri ah tkut ketangkap,netral
315,sudah saat nya polisi di indonesia dilakukan reformasi sampai ke akar,negatif
316,maling motor aja gabisa nangkep tuh polisi indonesia apalagi hacker,negatif
317,coba undang pace computer om,netral
318,inilah mengapa rekrutmen polisi minimal harus s1,netral
319,tiap tahun buka pendaftaran buang anggaran aja kerja hari ngapain coba pernah perang juga engak,negatif
320,kasus judol jogja,netral
321,kerjanya polisi cuma duduk ngerokok ngopi suruh nangkep hacker,negatif
322,nangkep maling yang udahh jelas siapa tersangkanya aja ogah ogahn lahhh ini sosoan orang ga tau bentuknya kaya gimana dan orangnya lawakk emang acab,negatif
323,masalah bjorka sdh berblnÂ² yg lalu skrg rame lg tp ttp aja msh blm bsa nangkep pelaku asli,negatif
324,bjorka itu bukan anak muda tahun 2012 saja sudah merajalela kok dia di dunia cyber,netral
325,garis besar nya instansi polisi sedang ditertawakan,negatif
326,bjorka masih aktip broh di twitter nya,netral
327,hati om ded suka ngjebak dg asking bang,netral
328,kalau menurut saya gini bisa jadi yg ditangkap selama ini memang bagian dari mereka cuman modusnya itu 1akun punya banyak orangsatu tim dan menggunakan ip adress bnyak kalo mungkin pemerintah mentracking dulu jejaknya bjorka apa 1orang aja baru intelejen kita jelaskan ke media siapa tau arti kata kumpulan timbnyak orang berkerja dibalik ya simplenya lain aktif lagi di belakang maaf kata2 tidak tersusun rapi tapi silakan kalian pahami,netral
329,gak berani bahas ponpes yg ambruk 67 mati sia dan keracunan mbg om botak atau lg sibuk urus perceraian,negatif
330,wowo,netral
331,bjorka pengalihan isu apalagi ini,negatif
332,bjorka pasti nonton dan tertawa,netral
333,gb fouadmod whatsapp developernya udah pamitan bang tapi sya ada celah buat bisa make mod terus dengan beberapa tools config fun fact semua aplikasi android karena open source pasti celahnya bahkan sudah banyak versi modnya anda gak perlu berlangganan menikmati fitur2 premium,netral
334,emang bpa2 coklat ni paling pintar bikin malu,negatif
335,saya ketawa ketika ada berita polisi bisa nangkap bjorka orang sekelas fufufafa aja mereka gk,negatif
336,nice,positif
337,pengalihan isu demo bukan nih,negatif
338,ini lagi sotau bjorka siapa wkwk,netral
339,waktu aku kecil nakal sering ditakuttakutin orang dewasa awas ada polisawas polis ternyata dlm pikiranku itu untuk menakuti anak2,negatif
340,lagu lama itu mah tangkep aniyaya biar ngaku wajib kalau engga yaa gak brenti di abis claim buat naek pangkat biasa konoha udah jadi rahasia umum,negatif
341,anak autis jadi hacker wait apa ini seperti film the accountant karena di itu semua hackernya,netral
342,jgn kan nangkap goib yg berwujud aja salah nangkep,negatif
343,polisi kita msh guoblok,negatif
344,polisi kerjaaan molooor,negatif
345,polisi malu gak yaa,negatif
346,283725 ada suara perempuan,netral
347,si coklat kena pr4nk,negatif
348,bjorka tolong dong uang test psiko dan kesehatan saat buat sim larinya kemanasoalnya cuma ajang cari duit berkedok,negatif
349,1744 om ded mencoba menggiring beliau ke jurang tapi malah loncat sendiri respect,positif
350,kebocoran data itu bisa di pakai buat surveyvotebahkan pemilihan umumbikin akun bot dengan si pengguna,netral
351,jangankan nagkap bjorka nangkep admin judol di indo aja masih diem,negatif
352,janankan bjorka bandar judol aja ga akan bisa dibtangkap kenapa karena tinggal bayar kapolda kapolres dan kapolsekberes narkoba begitu polisi yg jujur di bebastugaskan atau dinkriminalisasi saya jamin skck kasih gocap beres tu,negatif
353,bahas fufufafa dong om ded,netral
354,semoga real bjorka dan para hackers yg punya jiwa semangat patriotisme segera merampas asset2 koruptor miskinkan publikasikan semua data mereka sedetailÂ² nya termasuk oknum2 parcok sdh kegemukan makan duit haram,netral
355,parcok segerombolan lagi cari celah buat naek jabatan ga prduli itu cuma anak punk dikamuflase seolahÂ² hacker bjorkainilah episode gorongÂ² yg menjijikkan sekaligus memuakkan,negatif
356,koq bisa yaa jd pulisi wkwkw,negatif
357,wow,netral
358,bitchat aman kah,netral
359,makin bnyk dong yg salah tangkapdihukum lagikacau nih polisi ini klo nangkap mulu,negatif
360,kalau lihat kasus bjorka ini jujur saya kok jadi makin ragu ya dengan narasi indonesia emas 2045,netral
361,lho byorka lagi demen sound horeg om jedah jedug in data wkwkkw,netral
362,menit 0749 suara bjorka masuk om ded,netral
363,2901 awal mula terlahirnya villain niat bantuin malah,netral
364,ribuan cara pemerintah beserta instansi2 busuk di indonesia ini selalu berusaha nutupin kasus2 yang lebih gede tuh pengalihan isu biar masalah2 besar tetap tertutupi dan semakin dilupakan oleh masyarakat contoh pertama bjorka muncul ketika adanya kasus sambo sekarang dia lagi dengan data2 polisi memang tujuannya sama yaitu tentang ijazah jokowi agar tidak menekan memviralkan perihal open your mind guys and eyes jangan sampe kita dibodohi dibutakan saat terjadi kawal terus karena masalah politik bukan saja semua hanya dinaikkan lupa akan,negatif
365,yo buat akun atas nama bjorka rame 2 ada yg berani gak,netral
366,si byorka dari tadi ngmong sama dc sebut sesimple mulu pdhl kita yg dgr mau byangin aj susah bnget,netral
367,aku curiga kalo bjorka itu cewek,netral
368,apalagi bjorka juga mampu memecahkan skandal judol,netral
369,ilmu belum nyampe nangkap bjorka,negatif
370,modal jual tanah bisa apa klw urusan duit aja paling pintar tp keamanan pelayanan gk ada yg beres parah emang polisi pejabat indonesia kerjanya cuma meras rakyat,negatif
371,lagi ngelawak si pramuka,negatif
372,nangkep bandar judol aja gak bisamasa iya bisa hackerkocak,negatif
373,2304 kaya di film the contractor 2 anak2 kebutuhan khusus kemampuan hackingnya luarr biasaa,netral
374,kayak ngk tau polisi indonesia aja asal tangkap dulu biar kelihatan kerjanah urusan klarifikasi belakangan gitu terus polanya,negatif
375,emg benar anak autis lebih pintar apalgi diatas kertas atau dunia digital pernah membaca artikel berita2,netral
376,alah paling juga dsuruh ngaku klo die bjorka wkwkwkw,negatif
377,ternyata salah tangkap alangkah malu nya polrisudah pers liris dan konferensi lagi gimna mau naik rating kepolisian,negatif
378,bapak onno w purbo undang om,netral
379,pak polisi konoha kapan tobat,negatif
380,dia lagi nih narsumnya pasti viral gass om,netral
381,jangankan nangkep hacker pengguna narkoboy juga di jebak pura jual padahal dia yg aneh nya d tangkep penyalahgunaan bukan pengedar wkwkwk lawak,negatif
382,bjorka yang asli masih di dalam lingkaran,netral
383,pagi foto malam santai ngopi bro,netral
384,wkwkwkwkwk bisa apaan si pol indo nya nuduh di sogok duduk2 ngudut ngopi pulang kerja ngocokdi kocokin klo kaga narko tidur bangun gitu lagi pikir bjorka bego,negatif
385,barang buktinya cuma hpandroid gak ada pc build up polisi siber crime berpikir bjorka ngehack pake termux,negatif
386,yang di dunia nyata aja sering salah tangkapapalagi ndak,negatif
387,gw lebih percaya polisi buat pengumuman kalo hittler meninggal di garut daripada mereka berhasil nangkep bjorka meskipun kedua kinerja itu bohongan tapi emang ada berita sekarang yang bener bukan bohong,negatif
388,baju coklat wkwkwk hasil jual sawah bapak oyyy bukan karna kemampuan,negatif
389,baru tau ada lomba hacker,netral
390,rakyatnya udah pada pinter petugas satpam nya masih aja bego,negatif
391,ini suaranya kek abang gondrong itu om,netral
392,5125 polisi punya temen gw pernah kena salah tangkep soal narkoboy dia diminta hp nya trus di colokin alat wa yg udah hapus pada keluar semua gilaaa,negatif
393,polri itu gak pernah ada gunanya selain jadi beban doang,negatif
394,maaf aku mau nanya ada yang kopi kayanya ngantuk bawaannya,netral
395,polisi tidak ada hargadirinya anjir,negatif
396,bjorka ketangkap judol yang mudah kebaca ip nya aja males malesan ciduk eh ini laguan nyiduk hacker,negatif
397,software polri aja masih pake yg kelas ecek kok malah mau nangkep bjorka mimpi kali silahkan kalo bisa para intel wlw kerja di dpn komputer tip mlm gk bakal ya menjebol jgn deh,negatif
398,setelah sosmed buming polisi konoha ketahuaj banyak gak bergunanyaa,negatif
399,dan aneh nyarencana nya di kabupaten bekasi sudah ada beberapa desa yang akan pakai sistem evoting buat pemilihan kepala 2026 lucu aja sudab sekuat apa cyber scurity mereka,netral
400,bjorka nonton gak yaa,netral
401,kenapa abang ini ga membantu pemerintah aja,netral
402,yang di tangkap polisi bejorka eh ternyata berjirrka,negatif
403,bjorka itu sudah seperti anonymous gak sembarang ketangkep,netral
404,jago2 hacker kelas dunia banyak dr indo kerennn dehhh,positif
405,kalian sadar gasih kalau dia itu kek tau semuanya gua jadi curiga yang bjorka asli sih malah bagus,netral
406,gua g ngurus masalah bjorka yg ingin kan ganti kapolri sekarang,netral
407,kayaknya omongan mahasiswa yg bilang polisi harus kuliah dulu bener dah biar ilmunya makin banyak,netral
408,pekok,negatif
409,mirip kasus salah tangkap pegi setiawan pak si polisi,negatif
410,harusnya pulisi maluuuatau udah gak punya malu,negatif
411,sangat setuju dengan judulnya persis insting saya,positif
412,iya bener kaya cit ff garena itu dari gringo orang brazil juga ke butuhan kusus,netral
413,dari sekian obrolan 4337 om deddy mewakili penonton wkwkwk,netral
414,anggaran hampir 145 trilyun tiap tahun tapi tidak bisa menciptakan atau mengajak 1 orang pun seperti sosok bang teguh aprianto wassalam duit lu sebanyak itu buat apehhh,negatif
415,kalau gw jadi kapolri selamatin muka kepolisian dengan nyewa hacker terjago di bayar mahal langsung tunai iyalah mana ada orang yg mau nanti sama lembaga negara takutnya kena potong sana sini dapetnya seperak,netral
416,ngx kebayang instansi ono betapa malunya,negatif
417,plot twist yang di podcast om ded bjorkanya canda,netral
418,1754 suruh balap karung aja supaya berprestasi,negatif
419,beri wadah hacker kita utk lawan mafia korupsi dr siber minyak dsb,netral
420,jujur nanya siapa yg mereka ketawain,netral
421,kreak klitih dimana mana dibiarkan baru klo ada kejadian orang dibacok ladusing mulai bertindak,negatif
422,parcok pembohong,negatif
423,jngan kan nangkap hacker ularsapipnjahat pencuri mlah bombe yg awal datang,negatif
424,biar polisi terlihat keren nangkep bjorka eh yg asli nongol,negatif
425,kalo di konoha mah generasi muda mkin maju dan pnya kemampuan khusussma negara biarintapi pejabat korup piarainilah realitanya,negatif
426,bg hati ngomong nanti lu jadi incaran tikus kohoha jngn lancang kali,netral
427,minta bantuan yariin sapi hilang aja malah jual ndak ketemu lagi pencurinya,negatif
428,polisi yg bener cuma tidur,negatif
429,kalo bjorka baca ini bang salam kenal lo keren,positif
430,ada2 aja nyari kerjaan polisi,negatif
431,ketika pemerintah di isi sama gen boomer,negatif
432,lucu ga sih kalo bjorka malah komen di video ini,netral
433,kemungkinan dia wni yg sakit hati dengan sistem negara konoha ini dan gila,netral
434,jangankan danantaradana di usa aja bisa dibobol mangkanya saya tanya itu narsum om ded pernah tangkep fbicia gak,netral
435,menit 4620 mungkin bukan jawaban tapi pada dasar nya sudah ada metodologi yang jadi common sense para praktisi mengenal paling basic adalah people process technology bisa di googling ini saling melengkapi dalam implementasi system manakah yg berpengaruh jelas sih mau secanggih apapun teknologi digunakan dan se ketat faktor kalau belum mumpuni ya pasti tetap saja masalah back to aja dulu setelah itu juga harus perkuat agar seimbang,netral
436,chatingan indonesia yang di buat itu michat sebenernya tapi pada make yg negatif,netral
437,2533 iq harusnya memang di atas rata2 itu meskipun ada yg autis mau se ngulik apapun kalo rendah ga bakal bisa,netral
438,tolong bjorka buka data2 kecurangan joko dan antek2nya korupsinya,netral
439,bjorka di pihak rakyat,positif
440,ngapain susah nangkep hecker mending dari ke amann indo sendiri ajja di perkuat lucu nya negri ku,negatif
441,emang ladusing ada prestasi adanya meres rakyat,negatif
442,bjorka kena prank kan teruslah menghibur masyarakat,netral
443,wkwkwk cukup ketawa aja,netral
444,nangkep curanmor aja syulit apalagi hacker sekelas bjorka,negatif
445,pov bjorka nyeduh kopi dlu kali ya,netral
446,semakin lebih jelas ketololannya lebihhhhhhhhhhhhhh jelasssssss bukan,negatif
447,pengalihan isu ini,negatif
448,menurut gw pribadi cuma bisa ketawa pada jaman java sybian mereka dimana nama merka itu programer ya yk handler alias yosep karli dan dzeeb diaz,netral
449,bjorka bisa kaya robinhood gk sih,netral
450,wkwkw,netral
451,kebiasaan merekayasa numbalin orang,negatif
452,bjorka bagiku bukan musuh masyarakat dia cuma pemerintahan korup dan institusi bregsek,negatif
453,polisi bisa apa,negatif
454,cuman roy suryo dan rismon yang bisa nangkep bjorka,negatif
455,undang gua dong ded,netral
456,3333,netral
457,sasar program mbg terlalu dipaksakan dan tidak tepat sasaran,negatif
458,saya 1000 yakin yg ketangkap bukan bjorka trus ngapain nangkap dia ndak korupsi misalnya bisa bobol pemerintahan harusnya di perbaiki keamanan pemerintahannya,negatif
459,wa gb tmn2 ane banyk yg pke,netral
460,yg susah itu nangkap bandar narkoba dan judol,negatif
461,punya pekerja gini amat yah bisanya semena mena kepada rakyat,negatif
462,hahhaa polisi konoha kena prank nerasa bangga sdh nangkep tpi ternyata bikin malu,negatif
463,hat2 dek jangan kepancing ntar kau kena,netral
464,46 10 emang dia aja bodoh fufufuffaaaaafa,negatif
465,kalau sekelas bjorka bisa tertangkapkenapa judol yg merampoktidak tertangkapada apa dengan,negatif
466,ga mungkin kalo gada polisi yg nonton nih podcast coba cari prestasi bener sesuai tupoksi kalian jangan asal nyomot orang kasian keluarganya,negatif
467,thn 2000 an awal kalo udang denger chiter gamer kok langsung dapet datanya dari anak2 binusemang mantab hecker jebolin data udah lama pakngapain baru di cari sekarang tolong cyber police belajar lagi masalag programer yg lebih ditil pakapa tampung aja ini supaya negara bisa beruntung memperkerjakan bangsabanyak lapangan kerja model yang sudah tergerus matitapi banyak juga pekerjaan akan muncul terus berkarya buat generasi muda,netral
468,wkwk,netral
469,nyari maling motor aja susah dapet nya padahal disitu ada plat nomer dan wajah si pelakunya lah ini nangkep hacker mudah bener wkwkw,negatif
470,mana mungkin gampang banget nangkap bjorka,negatif
471,fake random system,netral
472,saya sih gk yakin,netral
473,gw curiga yang di depan lu itu bjorka yg asli om ded,netral
474,815 lebih better bjir,positif
475,wajar klo di reformasi nangkep fufufafa aja syuuuiliit,negatif
476,nangkep pemilik judol gak bisa kok hacker,negatif
477,bjorka itu kelompok,netral
478,bahas nigeria plisss,netral
479,maaf ora usah bjorka yang kalian ungkap dulu dahyang gampang aja siapa itu pemilik akun fufufafa berani jujur hebat,negatif
480,dulu punya lagi aplikasi nya yg bisa ambil data udh ke apus tapi ganti hp lupa namanya dan itu penting bgt padahal,netral
481,anak punk di bawa aahhh,negatif
482,bjorka ketawa liat berita ketangkepy dia,netral
483,bjorka bjirrr itu bukanya bjirka,netral
484,jadi inget film the accountant adminnya si,netral
485,pok lisi kalo nangkep yg gaib teroris byorka dll cepet giliran silvester manusia oten pembenci islam gak bisa,negatif
486,sesama hacker itu saling menutupi mereka punya kode etik sendiri,netral
487,kesana kemari mecari bjorka2,netral
488,mau jadi hacker fokus di ceh pen test bug bounty cyber security,netral
489,bjorka lihat podcasts sambil ngemil kacang sukro nyambi nyeblak,netral
490,intel yg sesungguhnya om deddy ini,netral
491,boro bjorkafufufafa yg sudah terang benderang pun tdk mamputaunys amplop dan itulah parcok,negatif
492,semua yg ditangkep bukan pelaku juga bisa jd ngaku kalo diiksa terus2an banyak ksus salah tangkap tp ujung2nya karna gakuat disiksa dan keadilan tidak berpihak ke benar hanya untuk org2 berduit terpandang,negatif
493,mana bisa mrka nangkap bjorka maen kanibal kambing hitam saja,negatif
494,trus nasibnya tuh anak gimane salah tangkap dong,netral
495,sixtyshop software nya orang kalimantan yang bikin ini masih muda dan dia itu karena perusahaan2 ga ada melirik awalnya jadilah jualan,netral
496,gw sering dimasukin grup wa dikasih tugas beberapa kali sampai dapet 100rb tapi setelah itu kalau mau lagi harus transfer dulu yang nominalnya lumayan banyak dengan imingiming imbalan,netral
497,terus yg di tangkep siapa,netral
498,terus yang ketangkep siapa bjirrrka,netral
499,susahnya klu d kadalinb kayak ciek apa bodoh,negatif
